titles;audience state;audience scores;tomatometer state;tomatometer;critics consensus;Director;Box-office (in M$) ;Release year;Full length in minutes;Genre n°2;Genre n°3;Release date (in date);Current date;Number of days since the release;Distributor;Trigger Warning;Language;Genre n°1;Producer
PUSS IN BOOTS: THE LAST WISH;Upright;93.0;Certified fresh;95.0;Arriving more than a decade after the previous installment, the smart, sweet, and funny Puss in Boots: The Last Wish proves some franchises only get better with age.;Joel Crawford;112;2023;102; Comedy; Adventure;2023-01-06;2023-01-27;23.0;Universal Pictures;PG;English;Kids & Family;Mark Swift
THE MENU;Upright;76.0;Certified fresh;88.0;While its social commentary relies on basic ingredients, The Menu serves up black comedy with plenty of flavor.;Mark Mylod;38;2023;107; Mystery & Thriller; Comedy;2023-01-03;2023-01-27;26.0;Searchlight Pictures;R;English;Horror;Adam McKay, Betsy Koch, Will Ferrell
THE BANSHEES OF INISHERIN;Upright;76.0;Certified fresh;97.0;Featuring some of Martin McDonagh's finest work and a pair of outstanding lead performances, The Banshees of Inisherin is a finely crafted feel-bad treat.;Martin McDonagh;9;2022;109;Unavailable;Unavailable;2022-12-13;2023-01-27;47.0;Searchlight Pictures;R;English;Comedy;Graham Broadbent, Peter Czernin, Martin McDonagh
THE PALE BLUE EYE;Upright;72.0;Fresh;62.0;The Pale Blue Eye lacks its source material's piercing gaze, but this well-cast mystery is just intriguing enough to investigate.;Scott Cooper;;2023;130; Drama;Unavailable;2023-01-06;2023-01-27;23.0;Netflix;R;English;Mystery & Thriller;Christian Bale, Scott Cooper, John Lesher, Tyler Thompson
EVERYTHING EVERYWHERE ALL AT ONCE;Upright;89.0;Certified fresh;95.0;Led by an outstanding Michelle Yeoh, Everything Everywhere All at Once lives up to its title with an expertly calibrated assault on the senses.;Dan Kwan, Daniel Scheinert;70;2022;132; Adventure; Sci-Fi;2022-06-07;2023-01-27;236.0;A24;R;English;Comedy;Joe Russo, Anthony Russo, Mike Larocca, Dan Kwan, Daniel Scheinert, Jonathan Wang
THE FABELMANS;Upright;82.0;Certified fresh;92.0;Part memoir, part ode to the power of the movies, The Fabelmans finds Steven Spielberg digging at the family roots that helped make him a beloved filmmaker -- and proves he hasn't lost his magic touch.;Steven Spielberg;14;2022;151;Unavailable;Unavailable;2022-12-13;2023-01-27;47.0;Universal Pictures;PG-13;English;Drama;Kristie Macosko Krieger, Steven Spielberg, Tony Kushner
THE HATCHET WIELDING HITCHHIKER;Spilled;40.0;Fresh;90.0;empty;Colette Camden;;2023;85; Crime;Unavailable;2023-01-10;2023-01-27;19.0;Unavailable;TVMA;English;Documentary;Unavailable
GLASS ONION: A KNIVES OUT MYSTERY;Upright;93.0;Certified fresh;92.0;Glass Onion: A Knives Out Mystery brings back Benoit Blanc for another wildly entertaining mystery rounded out by an outstanding ensemble cast.;Rian Johnson;;2022;140; Comedy; Drama;2022-12-23;2023-01-27;37.0;Netflix;PG-13;English;Mystery & Thriller;Rian Johnson, Ram Bergman
SICK;Upright;68.0;Certified fresh;87.0;Smart, self-aware, and all too timely, this slasher co-written by Kevin Williamson is Sick in all the best ways.;John Hyams;;2023;83; Mystery & Thriller;Unavailable;2023-01-13;2023-01-27;16.0;Unavailable;R;English;Horror;Ben Fast, Kevin Williamson, Bill Block
MARS ONE;Upright;66.0;Fresh;97.0;An earthbound story with its eyes on the stars, Mars One finds universally resonant themes within one Brazilian family's specific struggles.;Gabriel Martins;;2023;115; Lgbtq+;Unavailable;2023-01-05;2023-01-27;24.0;Unavailable;TVMA;Portuguese;Drama;Thiago Macêdo Correia, André Novais Oliveira, Gabriel Martins, Maurilio Martins
THERE'S SOMETHING WRONG WITH THE CHILDREN;Spilled;37.0;Fresh;65.0;empty;Roxanne Benjamin;;2023;92; Mystery & Thriller;Unavailable;2023-01-17;2023-01-27;12.0;Unavailable;Unavailable;English;Horror;Paige Pemberton, Paul Uddo
DEVOTION;Upright;92.0;Certified fresh;81.0;Honoring real-life history while delivering impactful drama, Devotion is a straightforward biopic elevated by standout performances from a talented cast.;J.D. Dillard;20;2023;139; History; Drama;2023-01-08;2023-01-27;21.0;Columbia Pictures;PG-13;English;War;Thad Luckinbill, Trent Luckinbill, Molly Smith, Rachel Smith
AFTERSUN;Upright;81.0;Certified fresh;96.0;Led by Frankie Corio's tremendous performance, Aftersun deftly ushers audiences to the intersection between our memories of loved ones and who they really are.;Charlotte Wells;;2022;101;Unavailable;Unavailable;2022-12-20;2023-01-27;40.0;A24;R;English;Drama;Mark Ceryak, Amy Jackson, Barry Jenkins, Adele Romanski
WHITE NOISE;Spilled;32.0;Fresh;64.0;White Noise may occasionally struggle with its allegedly unfilmable source material, but Noah Baumbach succeeds in finding the humorous heart of its surprisingly timely story.;Noah Baumbach;;2022;136; Drama; Horror;2022-12-30;2023-01-27;30.0;Netflix;R;English;Comedy;Noah Baumbach, David Heyman, Uri Singer
EMILY THE CRIMINAL;Upright;79.0;Certified fresh;94.0;A taut thriller that contains a wealth of social commentary, Emily the Criminal is stolen by Aubrey Plaza's terrific work in the title role.;John Patton Ford;2;2022;97; Drama; Mystery & Thriller;2022-10-28;2023-01-27;93.0;Vertical Entertainment, Roadside Attractions;R;English;Crime;Tyler Davidson, Aubrey Plaza, Drew Sykes
THE OFFERING;Upright;80.0;Fresh;90.0;empty;Oliver Park;;2023;93; Mystery & Thriller;Unavailable;2023-01-13;2023-01-27;16.0;Unavailable;R;English;Horror;Les Weldon, Yariv Lerner, Jeffrey Greenstein, Jonathan Yunger, Hank Hoffman, Sam Schulte
DON'T WORRY DARLING;Upright;74.0;Rotten;38.0;Despite an intriguing array of talent on either side of the camera, Don't Worry Darling is a mostly muddled rehash of overly familiar themes.;Olivia Wilde;45;2022;123;Unavailable;Unavailable;2022-10-25;2023-01-27;96.0;Warner Bros. Pictures;R;English;Mystery & Thriller;Olivia Wilde, Katie Silberman, Miri Yoon, Roy Lee
DOG GONE;Upright;67.0;Rotten;40.0;empty;Stephen Herek;;2023;94; Drama;Unavailable;2023-01-13;2023-01-27;16.0;Unavailable;TVPG;English;Kids & Family;Nick Santora, Jeremy Kipp Walker
DETECTIVE KNIGHT: INDEPENDENCE;Upright;80.0;Fresh;80.0;empty;Edward Drake;;2023;91; Action; Mystery & Thriller;2023-01-20;2023-01-27;9.0;Unavailable;R;English;Holiday;Robert Dean, Corey Large
BULLET TRAIN;Upright;76.0;Rotten;54.0;Bullet Train's colorful cast and high-speed action are almost enough to keep things going after the story runs out of track.;David Leitch;103;2022;126; Comedy;Unavailable;2022-12-03;2023-01-27;57.0;Columbia Pictures;R;English;Action;Kelly McCormick, David Leitch, Antoine Fuqua
BLACK ADAM;Upright;88.0;Rotten;39.0;Black Adam may end up pointing the way to an exciting future for DC films, but as a standalone experience, it's a wildly uneven letdown.;Jaume Collet-Serra;168;2022;125; Adventure; Fantasy;2022-11-22;2023-01-27;68.0;Warner Bros. Pictures;PG-13;English;Action;Beau Flynn, Hiram Garcia, Dwayne Johnson, Dany Garcia
AMSTERDAM;Upright;62.0;Rotten;33.0;Amsterdam has a bunch of big stars and a very busy plot, all of which amounts to painfully less than the sum of its dazzling parts.;David O. Russell;15;2022;134; Mystery & Thriller; Crime;2022-11-11;2023-01-27;79.0;20th Century Studios;R;English;Comedy;Arnon Milchan, Matthew Budman, Anthony Katagas, David O. Russell, Christian Bale
THE OLD WAY;Upright;72.0;Rotten;35.0;Nicolas Cage's first Western may be a bit of a genre departure for the prolific actor, but in most respects, it's merely a return to his Old Way of picking up roles in disappointingly subpar projects.;Brett Donowho;;2023;95; Action;Unavailable;2023-01-13;2023-01-27;16.0;Saban Films;R;English;Western;Brett Donowho, Micah Haley, Robert Paschall Jr., R. Bryan Wright, Sasha Yelaun
X;Upright;75.0;Certified fresh;94.0;A fresh spin on the classic slasher formula, X marks the spot where Ti West gets resoundingly back to his horror roots.;Ti West;12;2022;105; Mystery & Thriller;Unavailable;2022-04-14;2023-01-27;290.0;Unavailable;R;English;Horror;Jacob Jaffke, Kevin Turen, Harrison Kreiss
BARBARIAN;Upright;71.0;Certified fresh;92.0;Smart, darkly humorous, and above all scary, Barbarian offers a chilling and consistently unpredictable thrill ride for horror fans.;Zach Cregger;41;2022;102; Mystery & Thriller;Unavailable;2022-10-25;2023-01-27;96.0;20th Century Studios;R;English;Horror;Arnon Milchan, Roy Lee, Raphael Margules, J.D. Lifshitz
BLAZE;Unavailable;;Fresh;93.0;empty;Del Kathryn Barton;;2023;101; Drama;Unavailable;2023-01-20;2023-01-27;9.0;Unavailable;Unavailable;English;Crime;Samantha Jennings
WHERE THE CRAWDADS SING;Upright;96.0;Rotten;34.0;" but when one of them is found dead, she is immediately cast by the community as the main suspect. As the case unfolds, the verdict as to what actually happened becomes increasingly unclear, threatening to reveal the many secrets that lay within the marsh.	SHOW MORE	Rating: PG-13 (Sexual Content|A Sexual Assault|Some Violence)	Genre: Drama, Mystery & Thriller	Original Language: English	Director: Olivia Newman	Producer: Aislinn Dunster, Elizabeth Gabler, Reese Witherspoon, Erin Siminoff, Lauren Levy Neustadter	Writer: Lucy Alibar	Release Date (Theaters): Jul 15, 2022  Wide	Release Date (Streaming): Sep 13, 2022	Box Office (Gross USA): $90.0M	Runtime: 2h 5m	Distributor: Sony Pictures Entertainment	Aspect Ratio: Scope (2.35:1)""";;;;125;Unavailable;Unavailable;;2023-01-27;;Unavailable;Unavailable;Unavailable;Unavailable;Unavailable
ALL QUIET ON THE WESTERN FRONT;Upright;90.0;Certified fresh;92.0;Both timely and timeless, All Quiet on the Western Front retains the power of its classic source material by focusing on the futility of war.;Edward Berger;;2022;147; History; Drama;2022-10-28;2023-01-27;93.0;Netflix;R;German;War;Malte Grunert, Daniel Dreifuss
TOP GUN: MAVERICK;Upright;99.0;Certified fresh;96.0;Top Gun: Maverick pulls off a feat even trickier than a 4G inverted dive, delivering a long-belated sequel that surpasses its predecessor in wildly entertaining style.;Joseph Kosinski;719;2022;131; Adventure;Unavailable;2022-08-22;2023-01-27;160.0;Paramount Pictures;PG-13;English;Action;Jerry Bruckheimer, Tom Cruise, David Ellison, Christopher McQuarrie
AVATAR;Upright;82.0;Certified fresh;82.0;It might be more impressive on a technical level than as a piece of storytelling, but Avatar reaffirms James Cameron's singular gift for imaginative, absorbing filmmaking.;James Cameron;24;2010;155; Adventure; Action;2010-04-22;2023-01-27;4665.0;20th Century Fox;PG-13;English;Sci-Fi;James Cameron, Jon Landau
ELVIS;Upright;94.0;Certified fresh;77.0;The standard rock biopic formula gets all shook up in Elvis, with Baz Luhrmann's dazzling energy and style perfectly complemented by Austin Butler's outstanding lead performance.;Baz Luhrmann;151;2022;159; Drama; Music;2022-08-09;2023-01-27;173.0;Warner Bros. Pictures;PG-13;English;Biography;Gail Berman, Baz Luhrmann, Catherine Martin, Patrick McCormick, Schuyler Weiss, Andrew Mittman
GUILLERMO DEL TORO'S PINOCCHIO;Upright;91.0;Certified fresh;97.0;Guillermo del Toro's Pinocchio delivers fully on its title -- which is to say it's a visually stunning adaptation that embraces its source material's darkness.;Guillermo del Toro, Mark Gustafson;;2022;117; Fantasy; Animation;2022-12-09;2023-01-27;51.0;Netflix;PG;English;Musical;Guillermo del Toro, Lisa Henson, Gary Ungar, Alexander Bulkley, Corey Campodonico
VENGEANCE;Upright;86.0;Certified fresh;81.0;Writer-director-star B.J. Novak could have taken a sharper approach to this dark comedy's deeper themes, but if you're in the mood for a slyly smart mystery, Vengeance is yours.;B.J. Novak;4;2022;107; Mystery & Thriller; Drama;2022-09-16;2023-01-27;135.0;Unavailable;R;English;Comedy;Jason Blum, Adam Hendricks, Greg Gilreath
NOISE;Upright;78.0;Fresh;100.0;empty;Natalia Beristáin;;2023;104;Unavailable;Unavailable;2023-01-11;2023-01-27;18.0;Unavailable;Unavailable;Spanish;Drama;Karla Badillo, Maria Jose Cordova, Rafael Ley, Gabriela Maldonado
THE WOMAN KING;Upright;99.0;Certified fresh;94.0;All hail Viola Davis! The Woman King rules.;Gina Prince-Bythewood;67;2022;135; Adventure; History;2022-12-13;2023-01-27;47.0;TriStar Pictures;PG-13;English;Action;Cathy Schulman, Viola Davis, Julius Tennon, Maria Bello
THE WONDER;Upright;73.0;Certified fresh;87.0;The atmosphere's absorbing and the story is fascinating, but The Wonder of this period drama really lies in Florence Pugh's remarkable performance.;Sebastián Lelio;;2022;108; Drama;Unavailable;2022-11-16;2023-01-27;74.0;Netflix;R;English;Mystery & Thriller;Tessa Ross, Juliette Howell, Ed Guiney, Andrew Lowe
STRANGE WORLD;Upright;66.0;Fresh;72.0;Strange World is a Disney milestone in terms of representation -- but as a storytelling experience, this dazzlingly animated adventure offers little audiences haven't already seen.;Don Hall, Qui Nguyen;38;2022;105; Comedy; Adventure;2022-12-23;2023-01-27;37.0;Walt Disney Pictures;PG;English;Kids & Family;Roy Conli
NOPE;Upright;69.0;Certified fresh;83.0;Admirable for its originality and ambition even when its reach exceeds its grasp, Nope adds Spielbergian spectacle to Jordan Peele's growing arsenal.;Jordan Peele;123;2022;135; Horror; Mystery & Thriller;2022-11-18;2023-01-27;72.0;Universal Pictures;R;English;Sci-Fi;Jordan Peele, Ian Cooper
PUSS IN BOOTS;Upright;68.0;Certified fresh;86.0;It isn't deep or groundbreaking, but what it lacks in profundity, Puss in Boots more than makes up for with an abundance of wit, visual sparkle, and effervescent charm.;Chris Miller;149;2012;90; Comedy; Adventure;2012-02-24;2023-01-27;3992.0;DreamWorks SKG;PG;English;Kids & Family;Joe Aguilar, Latifa Ouaou
HELLBENDER;Spilled;56.0;Certified fresh;97.0;Hellbender stirs a boiling cauldron of adolescent angst, serving up a coming-of-age story with dark horror overtones.;John Adams, Zelda Adams, Toby Poser;;2022;86;Unavailable;Unavailable;2022-02-24;2023-01-27;339.0;Unavailable;Unavailable;English;Horror;Toby Poser
TO LESLIE;Upright;85.0;Certified fresh;98.0;To Leslie's familiar framework is granted extra depth through a stellar Andrea Riseborough and a sensitive and nuanced approach to the cycle of addiction.;Michael Morris;;2022;119;Unavailable;Unavailable;2022-10-07;2023-01-27;114.0;Momentum Pictures;R;English;Drama;Eduardo Cisneros, Ceci Cleary, Claude Dal Farra, Brian Keady, Kelsey Law, Jason Shuman, Philip Waley
GUNFIGHT AT RIO BRAVO;Upright;93.0;Unavailable;;empty;Joe Cornet;;2023;80;Unavailable;Unavailable;2023-01-17;2023-01-27;12.0;Unavailable;Unavailable;English;Western;Alexander Nevsky, Ruslan Vitryanyuk
THE INNOCENTS;Upright;73.0;Certified fresh;96.0;The Innocents chillingly subverts the purity of youth in a powerfully acted thriller that lingers long after the credits roll.;Eskil Vogt;;2022;118; Mystery & Thriller;Unavailable;2022-05-13;2023-01-27;261.0;IFC Midnight;Unavailable;Norwegian;Horror;Maria Ekerhovd, Misha Jaari, Mark Lwoff
SMILE;Upright;77.0;Certified fresh;80.0;Deeply creepy visuals and a standout Sosie Bacon further elevate Smile's unsettling exploration of trauma, adding up to the rare feature that satisfyingly expands on a short.;Parker Finn;106;2022;116; Mystery & Thriller;Unavailable;2022-11-15;2023-01-27;75.0;Unavailable;R;English;Horror;Marty Bowen, Wyck Godfrey, Isaac Klausner, Robert Salerno
KNIVES OUT;Upright;92.0;Certified fresh;97.0;Knives Out sharpens old murder-mystery tropes with a keenly assembled suspense outing that makes brilliant use of writer-director Rian Johnson's stellar ensemble.;Rian Johnson;165;2020;130; Comedy; Drama;2020-06-12;2023-01-27;961.0;Lionsgate Films;PG-13;English;Mystery & Thriller;Rian Johnson, Ram Bergman, Jonathan Golfman, Brye Adler
JURASSIC WORLD DOMINION;Upright;77.0;Rotten;29.0;Jurassic World Dominion might be a bit of an improvement over its immediate predecessors in some respects, but this franchise has lumbered a long way down from its classic start.;Colin Trevorrow;376;2022;147; Adventure; Sci-Fi;2022-09-02;2023-01-27;149.0;Universal Pictures;PG-13;English;Action;Frank Marshall, Patrick Crowley
THE NORTHMAN;Upright;64.0;Certified fresh;89.0;A bloody revenge epic and breathtaking visual marvel, The Northman finds filmmaker Robert Eggers expanding his scope without sacrificing any of his signature style.;Robert Eggers;34;2022;137; Action; Mystery & Thriller;2022-05-13;2023-01-27;261.0;Focus Features;R;English;Adventure;Robert Eggers, Mark Huffam, Lars Knudsen, Arnon Milchan, Alexander Skarsgård
ON THE LINE;Spilled;40.0;Rotten;24.0;empty;Romuald Boulanger;;2022;104; Action;Unavailable;2022-11-04;2023-01-27;86.0;Unavailable;R;English;Mystery & Thriller;Romuald Boulanger, Marc Frydman, Robert Ogden Barnum
STUTZ;Upright;97.0;Fresh;100.0;A funny, emotional glimpse at the dynamic between a psychiatrist and his patient, Stutz heartwarmingly underscores the importance of an active focus on one's mental health.;Jonah Hill;;2022;96;Unavailable;Unavailable;2022-11-14;2023-01-27;76.0;Unavailable;R;English;Documentary;Chelsea Barnard, Diane Becker, Alison Goodwin, Jonah Hill, Matt Dines, Melanie Miller, Mark Monroe, Joaquin Phoenix
HEREDITARY;Upright;69.0;Certified fresh;90.0;Hereditary uses its classic setup as the framework for a harrowing, uncommonly unsettling horror film whose cold touch lingers long beyond the closing credits.;Ari Aster;44;2018;127; Mystery & Thriller;Unavailable;2018-09-04;2023-01-27;1608.0;A24;R;English;Horror;Kevin Scott Frakes, Lars Knudsen, Buddy Patrick
THE SUBTLE ART OF NOT GIVING A #@%!;Spilled;43.0;Fresh;67.0;empty;Nathan Price;;2023;97; Comedy;Unavailable;2023-01-10;2023-01-27;19.0;Unavailable;R;English;Documentary;Matthew Metcalfe
JUNG_E;Upright;63.0;Fresh;60.0;empty;Yeon Sang-ho;;2023;98; Action; Adventure;2023-01-20;2023-01-27;9.0;Unavailable;Unavailable;Korean;Sci-Fi;Unavailable
THE BATMAN;Upright;87.0;Certified fresh;85.0;A grim, gritty, and gripping super-noir, The Batman ranks among the Dark Knight's bleakest -- and most thrillingly ambitious -- live-action outings.;Matt Reeves;369;2022;176; Adventure; Crime;2022-04-19;2023-01-27;285.0;Warner Bros. Pictures;PG-13;English;Action;Dylan Clark, Matt Reeves
SHE SAID;Upright;91.0;Certified fresh;88.0;Although She Said struggles to add cinematic flair to its fact-based story, it remains a worthy, well-acted tribute to journalistic integrity.;Maria Schrader;6;2023;129;Unavailable;Unavailable;2023-01-06;2023-01-27;23.0;Universal Pictures;R;English;Drama;Dede Gardner, Jeremy Kleiner
BLONDE;Spilled;32.0;Rotten;42.0;Ana de Armas' luminous performance makes it difficult to look away, but Blonde can be hard to watch as it teeters between commenting on exploitation and contributing to it.;Andrew Dominik;;2022;166; Drama;Unavailable;2022-09-28;2023-01-27;123.0;Unavailable;NC-17;English;Biography;Dede Gardner, Jeremy Kleiner, Tracey Landon, Brad Pitt, Scott Robertson
TILL;Upright;97.0;Certified fresh;98.0;Till reframes an historically horrific murder within a mother's grief, brought heartwrenchingly to life by Danielle Deadwyler's tremendous performance.;Chinonye Chukwu;9;2022;130;Unavailable;Unavailable;2022-11-22;2023-01-27;68.0;United Artists Releasing;PG-13;English;Drama;Keith Beauchamp, Barbara Broccoli, Whoopi Goldberg, Thomas Levine, Michael Reilly, Frederick Zollo
SORRY ABOUT THE DEMON;Upright;67.0;Fresh;100.0;empty;Emily Hagins;;2023;105; Horror;Unavailable;2023-01-19;2023-01-27;10.0;Unavailable;Unavailable;English;Comedy;Cameron Burns, Emily Gotto, Ben Hanks, Aaron B. Koontz, Pasha Patriki
VIOLENT NIGHT;Upright;88.0;Fresh;73.0;Violent Night isn't as wildly entertaining as its concept might suggest, but for those seeking harder-edged holiday fare, it may be a ho-ho-whole lot of fun.;Tommy Wirkola;50;2022;112; Action; Comedy;2022-12-20;2023-01-27;40.0;Universal Pictures;R;English;Holiday;Kelly McCormick, David Leitch, Guy Danella
ARGENTINA, 1985;Upright;94.0;Certified fresh;98.0;Justice is served in Argentina 1985, a crusading courtroom drama that shines a light on historically somber times with refreshing levity.;Santiago Mitre;;2022;140;Unavailable;Unavailable;2022-10-21;2023-01-27;100.0;Unavailable;R;Spanish;Drama;Unavailable
TICKET TO PARADISE;Upright;87.0;Rotten;57.0;Ticket to Paradise may not send viewers all the way to the promised land, but this reunion for a pair of megawatt stars is still an agreeably frothy good time.;Ol Parker;68;2022;104; Comedy;Unavailable;2022-12-09;2023-01-27;51.0;Universal Pictures;PG-13;English;Romance;Tim Bevan, Eric Fellner, Sarah Harvey, Deborah Balderstone
THE STRANGER;Upright;66.0;Certified fresh;91.0;A masterful blend of genre elements, The Stranger brings a tautly told mystery to life with simmering tension and a pair of outstanding lead performances.;Thomas Wright;;2022;117; Drama; Mystery & Thriller;2022-10-19;2023-01-27;102.0;Unavailable;Unavailable;English;Crime;Rachel Gardner, Iain Canning, Emile Sherman, Kerry Kohansky-Roberts, Kim Hodgert, Joel Edgerton
365 DAYS;Spilled;29.0;Rotten;0.0;empty;Barbara Białowąs;;2020;116; Romance;Unavailable;2020-06-11;2023-01-27;962.0;Unavailable;Unavailable;Polish;Drama;Maciej Kawulski
SNOW FALLS;Spilled;12.0;Unavailable;;empty;Colton Tran;;2023;97; Horror; Mystery & Thriller;2023-01-17;2023-01-27;12.0;Unavailable;R;English;Holiday;Laura M. Young
PEARL;Upright;82.0;Certified fresh;91.0;Pearl finds Ti West squeezing fresh gore out of the world he created with X -- and once again benefiting from a brilliant Mia Goth performance.;Ti West;8;2022;102; Mystery & Thriller; Comedy;2022-10-25;2023-01-27;96.0;A24;R;English;Horror;Jacob Jaffke, Harrison Kreiss, Kevin Turen, Ti West
THE FALLOUT;Upright;84.0;Certified fresh;93.0;Empathetic and well-acted, The Fallout uses the aftermath of teen trauma to grapple with the experience of grief.;Megan Park;;2022;92;Unavailable;Unavailable;2022-01-27;2023-01-27;367.0;Unavailable;R;English;Drama;Shaun Sanghani, Todd Lundbohm, David Brown, Rebecca Miller, Cara Shine, Joannie Burstein, Giulia Prenna
UNCHARTED;Upright;90.0;Rotten;41.0;Promisingly cast but misleadingly titled, Uncharted mines its bestselling source material to produce a disappointing echo of superior adventure films.;Ruben Fleischer;148;2022;116; Action;Unavailable;2022-04-26;2023-01-27;278.0;Sony Pictures;PG-13;English;Adventure;Charles Roven, Avi Arad, Alex Gartner, Ari Arad
SISSY;Upright;62.0;Certified fresh;96.0;Sissy weaves timely themes into its rich blend of horror and dark humor, topped off by terrific work from a talented cast led by Aisha Dee.;Hannah Barlow, Kane Senes;;2022;102; Comedy;Unavailable;2022-09-29;2023-01-27;122.0;Unavailable;Unavailable;English;Horror;Lisa Shaunessy, John De Margheriti, Jason Taylor, Bec Janek
MARCEL THE SHELL WITH SHOES ON;Upright;91.0;Certified fresh;99.0;Poignant, profound, and utterly heartwarming, Marcel the Shell with Shoes On is animated entertainment with real heart.;Dean Fleischer-Camp;6;2022;89; Comedy; Animation;2022-09-06;2023-01-27;145.0;Unavailable;PG;English;Kids & Family;Dean Fleischer-Camp, Andrew Goldman, Elisabeth Holm, Caroline Kaplan, Terry Leonard, Paul Mezey, Jenny Slate
EMANCIPATION;Spilled;55.0;Rotten;45.0;Emancipation works as an action movie -- albeit one that's uncomfortably at odds with its awkward handling of the real-life events that inspired its stirring story.;Antoine Fuqua;;2022;132; Drama; Mystery & Thriller;2022-12-09;2023-01-27;51.0;Apple TV+;R;English;History;Will Smith, Jon Mone, Joey McFarland, Todd Black
ROALD DAHL'S MATILDA THE MUSICAL;Upright;74.0;Certified fresh;92.0;Roald Dahl's Matilda the Musical brings the classic story back to the screen with a delightful Emma Thompson, dazzling dancing, and a suitably irascible take on the source material.;Matthew Warchus;;2022;117; Musical; Comedy;2022-12-25;2023-01-27;35.0;Unavailable;PG;English;Kids & Family;Tim Bevan, Eric Fellner, Jon Finn, Luke Kelly
THOR: LOVE AND THUNDER;Upright;77.0;Fresh;63.0;In some ways, Thor: Love and Thunder feels like Ragnarok redux -- but overall, it offers enough fast-paced fun to make this a worthy addition to the MCU.;Taika Waititi;343;2022;125; Adventure; Fantasy;2022-09-08;2023-01-27;143.0;Walt Disney Pictures;PG-13;English;Action;Kevin Feige
HAPPENING;Upright;73.0;Certified fresh;99.0;A tough but rewarding watch, Happening puts a personal face on an impossibly difficult choice and its heart-rending aftermath.;Audrey Diwan;;2022;100;Unavailable;Unavailable;2022-06-21;2023-01-27;222.0;IFC Films;R;French;Drama;Alice Girard, Edouard Weil
GOOD LUCK TO YOU, LEO GRANDE;Upright;85.0;Certified fresh;93.0;Sexual awakening stories aren't in short supply, but Good Luck to You, Leo Grande proves you can still tell one with a refreshing -- and very funny -- spin.;Sophie Hyde;;2022;97; Drama;Unavailable;2022-06-17;2023-01-27;226.0;Unavailable;R;English;Comedy;Debbie Gray, Adrian Politowski
HIS HOUSE;Upright;74.0;Certified fresh;100.0;Featuring genuine scares through every corridor, His House is a terrifying look at the specters of the refugee experience and a stunning feature debut for Remi Weekes.;Remi Weekes;;2020;93; Mystery & Thriller;Unavailable;2020-10-30;2023-01-27;821.0;Unavailable;Unavailable;English;Horror;Martin Gentles, Ed King
DON'T SAY A WORD;Spilled;49.0;Rotten;24.0;Don't Say A Word is slick and competently made, but the movie is routine and stretches believability with many eye rolling moments.;Gary Fleder;55;2002;113;Unavailable;Unavailable;2002-02-19;2023-01-27;7649.0;20th Century Fox;R;English;Mystery & Thriller;Arnon Milchan, Arnold Kopelson, Anne Kopelson
THE PRICE WE PAY;Upright;73.0;Rotten;50.0;empty;Ryûhei Kitamura;;2023;86; Mystery & Thriller;Unavailable;2023-01-10;2023-01-27;19.0;Unavailable;R;English;Action;Mark Andrews, Jessica Bennett, Robert Dean, Stephanie Denton, Bill Kelman, Todd Lundbohm, Andre Relis
INTERSTELLAR;Upright;86.0;Certified fresh;73.0;Interstellar represents more of the thrilling, thought-provoking, and visually resplendent filmmaking moviegoers have come to expect from writer-director Christopher Nolan, even if its intellectual reach somewhat exceeds its grasp.;Christopher Nolan;188;2015;165; Adventure; Action;2015-03-31;2023-01-27;2861.0;Paramount Pictures;PG-13;English;Sci-Fi;Emma Thomas, Christopher Nolan, Lynda Obst
PREY;Upright;73.0;Certified fresh;93.0;The rare action thriller that spikes adrenaline without skimping on character development, Prey is a Predator prequel done right.;Dan Trachtenberg;;2022;99; Adventure; Sci-Fi;2022-08-05;2023-01-27;177.0;Unavailable;R;English;Action;John Davis, John Fox, Jhane Myers
THE DROP;Spilled;25.0;Rotten;54.0;The Drop has its finger on the pulse and a game cast trying to keep it alive, but despite its heart being in the right place, this comedy's electrocardiogram is as flat as the Great Plains.;Sarah Adina Smith;;2023;92;Unavailable;Unavailable;2023-01-13;2023-01-27;16.0;Unavailable;Unavailable;English;Comedy;Lia Buman, Jonako Donley, Mel Eslyn, Shuli Harel, Tim Headington, Joshua Leonard, Sarah Adina Smith
THE GRAY MAN;Upright;90.0;Rotten;46.0;The Gray Man has the star-studded outline of an entertaining action thriller, but it's filled in with lukewarm leftovers from far better films.;Anthony Russo, Joe Russo;;2022;129; Mystery & Thriller;Unavailable;2022-07-22;2023-01-27;191.0;Netflix;PG-13;English;Action;Joe Roth, Jeff Kirschenbaum, Joe Russo, Anthony Russo, Mike Larocca, Chris Castaldi
AFTER EVER HAPPY;Upright;92.0;Rotten;0.0;empty;Castille Landon;;2022;95; Drama;Unavailable;2022-09-23;2023-01-27;128.0;Voltage Pictures;R;English;Romance;Mark Canton, Jennifer Gibgot, Aron Levitz, Brian Pitt, Courtney Solomon
KIDS VS. ALIENS;Upright;83.0;Rotten;56.0;empty;Jason Eisener;;2023;75; Horror; Sci-Fi;2023-01-20;2023-01-27;9.0;Unavailable;Unavailable;English;Holiday;Rob Cotterill, Josh Goldbloom, Brad Miska, Marc Tetreault, Jason Levangie
WILDCAT;Upright;83.0;Certified fresh;93.0;Although it raises some uncomfortable ethical quandaries, Wildcat is an affecting testament to the healing power of interspecies bonds.;Melissa Lesh, Trevor Beck Frost, Trevor Frost;;2022;106;Unavailable;Unavailable;2022-12-30;2023-01-27;30.0;Unavailable;R;English;Documentary;Melissa Lesh, Trevor Beck Frost, Joshua Altman, Alysa Nahmias, Trevor Frost
BACK TO THE WHARF;Unavailable;;Fresh;75.0;empty;Li Xiaofeng;;2023;118; Romance;Unavailable;2023-01-17;2023-01-27;12.0;Unavailable;Unavailable;Chinese;Drama;Dun He, Bo Huang
HUSTLE;Upright;93.0;Certified fresh;93.0;Hustle doesn't have any fancy moves, but it doesn't need them -- Adam Sandler's everyman charm makes this easy layup fun to watch.;Jeremiah Zagar;;2022;118;Unavailable;Unavailable;2022-06-08;2023-01-27;235.0;Netflix;R;English;Drama;Adam Sandler, LeBron James, Maverick Carter, Jeff Kirschenbaum, Joe Roth, Zack Roth
TERROR ON THE PRAIRIE;Upright;84.0;Fresh;83.0;empty;Michael Polish;;2022;107; Action;Unavailable;2022-06-14;2023-01-27;229.0;Unavailable;Unavailable;English;Western;Gina Carano, Dallas Sonnier, Amanda Presmyk
THE POWER OF THE DOG;Upright;76.0;Certified fresh;94.0;Brought to life by a stellar ensemble led by Benedict Cumberbatch, The Power of the Dog reaffirms writer-director Jane Campion as one of her generation's finest filmmakers.;Jane Campion;;2021;128; Drama; Romance;2021-12-01;2023-01-27;424.0;Netflix;R;English;Western;Jane Campion, Iain Canning, Roger Frappier, Tanya Seghatchian, Emile Sherman
THE LOBSTER;Upright;65.0;Certified fresh;87.0;As strange as it is thrillingly ambitious, The Lobster is definitely an acquired taste -- but for viewers with the fortitude to crack through Yorgos Lanthimos' offbeat sensibilities, it should prove a savory cinematic treat.;Yorgos Lanthimos;9;2016;118; Comedy; Fantasy;2016-07-19;2023-01-27;2385.0;Unavailable;R;English;Romance;Ed Guiney, Lee Magiday, Ceci Dempsey, Yorgos Lanthimos
HOUSE OF DARKNESS;Spilled;27.0;Rotten;58.0;House of Darkness finds writer-director Neil LaBute just as acerbic as ever, although he's made more compelling statements on sexual mores.;Neil LaBute;;2022;89; Mystery & Thriller; Comedy;2022-09-13;2023-01-27;138.0;Unavailable;R;English;Horror;Daryl Freimark, Tim Harms, Neil LaBute, Shaun Sanghani, Kerri Elder, Blake Elder
YOU WON'T BE ALONE;Upright;69.0;Certified fresh;93.0;Although it may strike some as too artsy for its own good, You Won't Be Alone puts a thoughtfully fresh spin on familiar horror tropes.;Goran Stolevski;;2022;109; Drama;Unavailable;2022-05-16;2023-01-27;258.0;Unavailable;R;Macedonian;Horror;Kristina Ceyton, Samantha Jennings
SING STREET;Upright;92.0;Certified fresh;95.0;Sing Street is a feel-good musical with huge heart and irresistible optimism, and its charmimg cast and hummable tunes help to elevate its familiar plotting.;John Carney;3;2016;106; Drama; Romance;2016-07-26;2023-01-27;2378.0;Weinstein Co.;PG-13;English;Comedy;Anthony Bregman, Martina Niland, John Carney
THE SWIMMERS;Upright;84.0;Certified fresh;82.0;The Swimmers can be heavy-handed and it's arguably too long, but it handles a worthy topic with generally uplifting results.;Sally El Hosaini;;2022;134; Biography; Sports;2022-11-23;2023-01-27;67.0;Netflix;PG-13;English;Drama;Tim Bevan, Eric Fellner, Tim Cole, Ali Jaafar
LADY CHATTERLEY'S LOVER;Upright;76.0;Certified fresh;87.0;Arguably the best screen version of this oft-adapted tale, Lady Chatterley's Lover sets itself apart with solid acting and a refreshingly frank treatment of the story's mature themes.;Laure de Clermont-Tonnerre;;2022;126; Drama;Unavailable;2022-12-02;2023-01-27;58.0;Netflix;R;English;Romance;Graham Broadbent, Peter Czernin, Elizabeth Gabler, Laurence Mark
THE GOOD NURSE;Upright;77.0;Certified fresh;76.0;The Good Nurse is hobbled by stilted dialogue and unrealistic story elements, but those issues are offset by strong work from a pair of talented leads.;Tobias Lindholm;;2022;116; Drama; Biography;2022-10-26;2023-01-27;95.0;Netflix;R;English;Crime;Scott Franklin, Darren Aronofsky, Michael A. Jackman
PREY FOR THE DEVIL;Upright;69.0;Rotten;17.0;There's no dearth of possession stories within the genre, and potboiler Prey for the Devil may leave completists needing a truly horrific -- or at least fun -- exorcist palate cleanser.;Daniel Stamm;20;2022;93; Mystery & Thriller;Unavailable;2022-12-13;2023-01-27;47.0;Lionsgate;PG-13;English;Horror;Paul Brooks, Todd R. Jones, Earl Richey Jones, Jessica Malanaphy
DESCENDANT;Upright;60.0;Certified fresh;100.0;Descendant serves as a fantastically compelling example of how history can be reclaimed -- and a stirring tribute to a resilient community.;Margaret Brown;;2022;109;Unavailable;Unavailable;2022-10-21;2023-01-27;100.0;Netflix;PG;English;Documentary;Margaret Brown, Essie Chambers, Kyle Martin
PINOCCHIO;Spilled;29.0;Rotten;28.0; Academy Award® nominee Cynthia Erivo is the Blue Fairy;;;;111;Unavailable;Unavailable;;2023-01-27;;Unavailable;Unavailable;Unavailable;Unavailable;Unavailable
NANNY;Spilled;46.0;Certified fresh;90.0;Led by Anna Diop's strong central performance, the smartly disquieting Nanny is a promising debut for writer-director Nikyatu Jusu.;Nikyatu Jusu;;2022;98; Mystery & Thriller;Unavailable;2022-12-16;2023-01-27;44.0;Amazon Studios;R;English;Horror;Nikkia Moulterie, Daniela Taplin Lundberg
THE DUKE;Upright;85.0;Certified fresh;97.0;A sweet swan song for director Roger Michell, The Duke offers a well-acted and engaging dramatization of an entertainingly improbable true story.;Roger Michell;2;2022;96; Drama;Unavailable;2022-07-26;2023-01-27;187.0;Unavailable;R;English;Comedy;Nicky Bentham
PRISONERS;Upright;87.0;Certified fresh;81.0;Prisoners has an emotional complexity and a sense of dread that makes for absorbing (and disturbing) viewing.;Denis Villeneuve;61;2013;153; Crime; Drama;2013-12-17;2023-01-27;3330.0;Warner Bros.;R;English;Mystery & Thriller;Broderick Johnson, Kira Davis, Andrew A. Kosove, Adam Kolbrenner
BROS;Upright;90.0;Certified fresh;89.0;Bros marks a step forward in rom-com representation -- and just as importantly, it's a whole bunch of fun to watch.;Nicholas Stoller;12;2022;115; Comedy; Lgbtq+;2022-10-18;2023-01-27;103.0;Universal Pictures;R;English;Romance;Judd Apatow, Nicholas Stoller, Joshua Church
AMBULANCE;Upright;88.0;Fresh;68.0;At top speed and with sirens wailing, Ambulance comes riding to the rescue for audiences facing an emergency shortage of Michael Bay action thrills.;Michael Bay;22;2022;136; Mystery & Thriller; Crime;2022-05-24;2023-01-27;250.0;Universal Pictures;R;English;Action;Michael Bay, Bradley J. Fischer, James Vanderbilt, William Sherak, Ian Bryce
SEARCHING;Upright;87.0;Certified fresh;92.0;Searching's timely premise and original execution are further bolstered by well-rounded characters brought to life by a talented cast.;Aneesh Chaganty;26;2018;102;Unavailable;Unavailable;2018-11-13;2023-01-27;1538.0;Screen Gems, Sony Pictures Entertainment, Stage 6;PG-13;English;Mystery & Thriller;Timur Bekmambetov, Sev Ohanian, Adam Sidman, Natalie Qasabian
AVENGERS: ENDGAME;Upright;90.0;Certified fresh;94.0;Exciting, entertaining, and emotionally impactful, Avengers: Endgame does whatever it takes to deliver a satisfying finale to Marvel's epic Infinity Saga.;Anthony Russo, Joe Russo;858;2019;181; Adventure; Fantasy;2019-07-30;2023-01-27;1279.0;Walt Disney;PG-13;English;Action;Kevin Feige
THE OUTFIT;Upright;92.0;Certified fresh;85.0;The Outfit isn't flashy, but a solid story and Mark Rylance's tightly tailored performance make this a comfortable fit for fans of old-school thrillers.;Graham Moore;3;2022;105; Crime; Drama;2022-05-03;2023-01-27;271.0;Focus Features;R;English;Mystery & Thriller;Ben Browning, Amy Jackson, Scoop Wasserstein
CLOSER;Upright;81.0;Fresh;68.0;Closer's talented cast and Mike Nichols' typically assured direction help smooth a bumpy journey from stage to screen.;Mike Nichols;34;2005;101;Unavailable;Unavailable;2005-03-29;2023-01-27;6515.0;Sony Pictures Entertainment;R;English;Drama;Robert Fox, Scott Rudin, John Calley, Cary Brokaw
A QUIET PLACE PART II;Upright;92.0;Certified fresh;91.0;A nerve-wracking continuation of its predecessor, A Quiet Place Part II expands the terrifying world of the franchise without losing track of its heart.;John Krasinski;160;2021;97; Mystery & Thriller;Unavailable;2021-07-13;2023-01-27;565.0;Paramount Pictures;PG-13;English;Horror;Michael Bay, Andrew Form, Brad Fuller, John Krasinski
A WOUNDED FAWN;Upright;61.0;Certified fresh;96.0;Delightfully dark and impressively ambitious, A Wounded Fawn offers a grimly distinctive treat for slasher fans.;Travis Stevens;;2022;91; Mystery & Thriller;Unavailable;2022-12-01;2023-01-27;59.0;Unavailable;Unavailable;English;Horror;Travis Stevens, Joe Barbagallo, Laurence Gendron
TENET;Upright;76.0;Fresh;69.0;A visually dazzling puzzle for film lovers to unlock, Tenet serves up all the cerebral spectacle audiences expect from a Christopher Nolan production.;Christopher Nolan;58;2020;150; Sci-Fi; Mystery & Thriller;2020-12-15;2023-01-27;775.0;Warner Bros. Pictures;PG-13;English;Action;Emma Thomas, Christopher Nolan
DUNE;Upright;90.0;Certified fresh;83.0;Dune occasionally struggles with its unwieldy source material, but those issues are largely overshadowed by the scope and ambition of this visually thrilling adaptation.;Denis Villeneuve;108;2021;155; Adventure; Action;2021-10-22;2023-01-27;464.0;Warner Bros. Pictures;PG-13;English;Sci-Fi;Denis Villeneuve, Mary Parent, Cale Boyter, Joseph Caracciolo Jr.
WE'RE ALL GOING TO THE WORLD'S FAIR;Spilled;25.0;Certified fresh;91.0;Narratively challenging and visually haunting, We're All Going to the World's Fair adds a uniquely ambitious and unsettling entry to the crowded coming-of-age genre.;Jane Schoenbrun;;2022;86; Drama;Unavailable;2022-04-22;2023-01-27;282.0;Utopia;Unavailable;English;Horror;Sarah Winshall, Carlos Zozaya, Abby Harri
SOFT & QUIET;Upright;60.0;Certified fresh;86.0;A painfully timely horror-fueled thriller, Soft & Quiet forces the viewer to confront the ugly underbelly of modern American race relations.;Beth de Araújo;;2022;92; Mystery & Thriller; Drama;2022-11-04;2023-01-27;86.0;Unavailable;Unavailable;English;Horror;Joshua Beirne-Golden, Josh Peters, Saba Zerehi,
TROLL;Spilled;46.0;Fresh;89.0;Troll doesn't rewrite the monster movie rulebooks -- but with mythology this rich and action this exciting, it doesn't have to.;Roar Uthaug;;2022;103; Adventure; Fantasy;2022-12-01;2023-01-27;59.0;Unavailable;Unavailable;Norwegian;Action;Espen Horn, Kristian Strand Sinkerud, Jasmin Torbati
THE GENTLEMEN;Upright;84.0;Certified fresh;75.0;It may not win writer-director Guy Ritchie many new converts, but for those already attuned to the filmmaker's brash wavelength, The Gentlemen stands tall.;Guy Ritchie;37;2020;113; Drama; Comedy;2020-03-24;2023-01-27;1041.0;STX Films;R;English;Crime;Guy Ritchie, Ivan Atkinson, Bill Block
BARDO, FALSE CHRONICLE OF A HANDFUL OF TRUTHS;Upright;71.0;Rotten;59.0;As deeply personal as it is demanding, Bardo, False Chronicle of a Handful of Truths unsteadily walks the line between brilliance and sheer self-indulgence.;Alejandro González Iñárritu;;2022;159; Drama;Unavailable;2022-12-16;2023-01-27;44.0;Netflix;R;Spanish;Comedy;Alejandro González Iñárritu, Stacy Perskie
DOCTOR STRANGE IN THE MULTIVERSE OF MADNESS;Upright;85.0;Fresh;74.0;Doctor Strange in the Multiverse of Madness labors under the weight of the sprawling MCU, but Sam Raimi's distinctive direction casts an entertaining spell.;Sam Raimi;411;2022;126; Adventure; Fantasy;2022-06-22;2023-01-27;221.0;Walt Disney Pictures;PG-13;English;Action;Kevin Feige
NIGHT TRAIN;Unavailable;;Unavailable;;empty;Shane Stanley;;2023;96; Mystery & Thriller;Unavailable;2023-01-17;2023-01-27;12.0;Unavailable;Unavailable;English;Action;Neil Chisholm, Shane Stanley, CJ Walley
ONCE UPON A TIME... IN HOLLYWOOD;Upright;70.0;Certified fresh;85.0;Thrillingly unrestrained yet solidly crafted, Once Upon a Time in Hollywood tempers Tarantino's provocative impulses with the clarity of a mature filmmaker's vision.;Quentin Tarantino;142;2019;159; Drama;Unavailable;2019-08-27;2023-01-27;1251.0;Sony Pictures Entertainment, Columbia Pictures;R;English;Comedy;David Heyman, Shannon McIntosh, Quentin Tarantino
THE DEVIL TO PAY;Upright;80.0;Fresh;90.0;empty;Ruckus Skye, Lane Skye;;2020;87;Unavailable;Unavailable;2020-10-02;2023-01-27;849.0;Unavailable;Unavailable;English;Mystery & Thriller;Allison Maier, Lane Skye, Ruckus Skye, Martin Kelley, Gabriel Olson, Danielle Deadwyler
JOHN WICK;Upright;81.0;Certified fresh;86.0;Stylish, thrilling, and giddily kinetic, John Wick serves as a satisfying return to action for Keanu Reeves -- and what looks like it could be the first of a franchise.;Chad Stahelski;43;2015;101; Mystery & Thriller;Unavailable;2015-02-03;2023-01-27;2917.0;Lionsgate Films;R;English;Action;Basil Iwanyk, David Leitch, Eva Longoria
SPEAK NO EVIL;Spilled;58.0;Certified fresh;85.0;A social satire with razor-sharp teeth, Speak No Evil offers a darkly delicious treat for fans of misanthropic thrillers.;Christian Tafdrup;;2022;98; Mystery & Thriller; Drama;2022-09-15;2023-01-27;136.0;IFC Midnight;Unavailable;English;Horror;Jacob Jarek
IT FOLLOWS;Upright;66.0;Certified fresh;95.0;Smart, original, and above all terrifying, It Follows is the rare modern horror film that works on multiple levels -- and leaves a lingering sting.;David Robert Mitchell;15;2015;101; Mystery & Thriller;Unavailable;2015-07-14;2023-01-27;2756.0;Unavailable;R;English;Horror;Rebecca Green, Laura D. Smith, David Robert Mitchell, David Kaplan, Erik Rommesmo
FIRE OF LOVE;Upright;85.0;Certified fresh;98.0;Whether as a story of one couple's quixotic quest or simply a stunning collection of nature footage, Fire of Love burns bright.;Sara Dosa;1;2022;93; Biography;Unavailable;2022-11-11;2023-01-27;79.0;Unavailable;PG;French;Documentary;Shane Boris, Ina Fichman, Sara Dosa
ROAD TO PERDITION;Upright;86.0;Certified fresh;81.0;Somber, stately, and beautifully mounted, Sam Mendes' Road to Perdition is a well-crafted mob movie that explores the ties between fathers and sons.;Sam Mendes;104;2003;116; Drama;Unavailable;2003-02-25;2023-01-27;7278.0;DreamWorks SKG;R;English;Crime;Sam Mendes, Richard D. Zanuck, Dean Zanuck
WHIPLASH;Upright;94.0;Certified fresh;94.0;Intense, inspiring, and well-acted, Whiplash is a brilliant sophomore effort from director Damien Chazelle and a riveting vehicle for stars J.K. Simmons and Miles Teller.;Damien Chazelle;13;2014;106; Music;Unavailable;2014-12-02;2023-01-27;2980.0;Sony Pictures Classics;R;English;Drama;Helen Estabrook, Jason Blum, Michel Litvak, David Lancaster
THE BAD GUYS;Upright;93.0;Certified fresh;88.0;Fast-paced, funny, and full of colorful visual appeal, The Bad Guys is good news for audiences seeking options the whole family can enjoy.;Pierre Perifel;97;2022;99; Comedy; Adventure;2022-07-01;2023-01-27;212.0;Universal Pictures;PG;English;Kids & Family;Rebecca Huntley, Damon Ross
POKER FACE;Spilled;35.0;Rotten;9.0;As Kenny Rogers told us, you've got to know when to fold 'em -- a warning Russell Crowe should have heeded when he got the script for Poker Face.;Russell Crowe;;2022;95;Unavailable;Unavailable;2022-11-22;2023-01-27;68.0;Unavailable;Unavailable;English;Mystery & Thriller;Addam Bramich, Jason Clark, Mark B. David, Gary Hamilton, Ryan Hamilton, Keith Rodger, , Matt Williams, Ying Ye
FOUR GOOD DAYS;Upright;81.0;Rotten;55.0;Four Good Days struggles to bring authenticity to its tragic source material and strands its talent in a bland melodrama.;Rodrigo Garcia;;2021;100;Unavailable;Unavailable;2021-05-21;2023-01-27;618.0;Unavailable;R;English;Drama;Jacob Avnet, Jon Avnet, Rodrigo Garcia, Marina Grasic, Jai Khanna
HELL OR HIGH WATER;Upright;88.0;Certified fresh;97.0;Hell or High Water offers a solidly crafted, well-acted Western heist thriller that eschews mindless gunplay in favor of confident pacing and full-bodied characters.;David Mackenzie;27;2016;97; Drama; Mystery & Thriller;2016-11-22;2023-01-27;2259.0;CBS Films, Lionsgate Films;R;English;Crime;Sidney Kimmel, Peter Berg, Carla Hacken, Julie Yorn
A MAN CALLED OVE;Upright;87.0;Certified fresh;91.0;A Man Called Ove's winsome sincerity -- and Rolf Lassgård's affectingly flinty performance in the title role -- keep it from succumbing to excess sentimentality.;Hannes Holm;3;2017;116; Drama;Unavailable;2017-05-16;2023-01-27;2084.0;Unavailable;PG-13;Swedish;Comedy;Annica Bellander, Nicklas Wikström Nicastro
LEAP YEAR;Spilled;47.0;Rotten;23.0;Amy Adams is as appealing as ever, but her charms aren't enough to keep Leap Year from succumbing to an overabundance of clichés and an unfunny script.;Anand Tucker;26;2010;100; Comedy;Unavailable;2010-05-04;2023-01-27;4653.0;Unavailable;PG;English;Romance;Gary Barber, Roger Birnbaum, Jonathan Glickman, Chris Bender, Jake Weiner
GET OUT;Upright;86.0;Certified fresh;98.0;Funny, scary, and thought-provoking, Get Out seamlessly weaves its trenchant social critiques into a brilliantly effective and entertaining horror/comedy thrill ride.;Jordan Peele;176;2017;104; Mystery & Thriller; Comedy;2017-05-23;2023-01-27;2077.0;Universal Pictures;R;English;Horror;Sean McKittrick, Jason Blum, Ted Hamm, Jordan Peele
I'M THINKING OF ENDING THINGS;Spilled;50.0;Certified fresh;82.0;Aided by stellar performances from Jessie Buckley and Jesse Plemons, I'm Thinking of Ending Things finds writer-director Charlie Kaufman grappling with the human condition as only he can.;Charlie Kaufman;;2020;134; Horror;Unavailable;2020-09-04;2023-01-27;877.0;Unavailable;R;English;Mystery & Thriller;Stefanie Azpiazu, Anthony Bregman, Charlie Kaufman, Robert Salerno
ETERNALS;Upright;77.0;Rotten;47.0;An ambitious superhero epic that soars as often as it strains, Eternals takes the MCU in intriguing -- and occasionally confounding -- new directions.;Chloé Zhao;165;2022;157; Adventure; Fantasy;2022-01-12;2023-01-27;382.0;Walt Disney;PG-13;English;Action;Kevin Feige, Nate Moore
WHAT IS A WOMAN?;Upright;96.0;Fresh;83.0;empty;Justin Folk;;2022;94;Unavailable;Unavailable;2022-06-01;2023-01-27;242.0;Unavailable;Unavailable;English;Documentary;Justin Folk, Dallas Sonnier, Charlotte Roland
MEN;Spilled;39.0;Fresh;68.0;If its narrative and thematic reach sometimes exceeds its grasp, magnetic performances from a stellar cast help Men make the most of its horror provocations.;Alex Garland;7;2022;100; Drama; Sci-Fi;2022-08-09;2023-01-27;173.0;A24;R;English;Horror;Andrew Macdonald, Allon Reich, Scott Rudin, Eli Bush
MARVEL'S THE AVENGERS;Upright;91.0;Certified fresh;91.0;Thanks to a script that emphasizes its heroes' humanity and a wealth of superpowered set pieces, The Avengers lives up to its hype and raises the bar for Marvel at the movies.;Joss Whedon;;2012;143; Adventure; Fantasy;2012-09-25;2023-01-27;3778.0;Walt Disney;PG-13;English;Action;Kevin Feige
OUTSIDE IN;Upright;77.0;Certified fresh;96.0;Brilliantly brought to life by tenderly empathetic performances from Jay Duplass and Edie Falco, Outside In tells a sobering -- yet thoroughly absorbing -- story.;Lynn Shelton;;2018;109;Unavailable;Unavailable;2018-04-03;2023-01-27;1762.0;Unavailable;Unavailable;English;Drama;Mel Eslyn, Lacey Leavitt
THE LOST CITY;Upright;83.0;Certified fresh;79.0;The Lost City doesn't sparkle quite as brightly as some classic treasure-hunting capers, but its stars' screwball chemistry make this movie well worth romancing.;Adam Nee, Aaron Nee;105;2022;112; Comedy; Adventure;2022-05-10;2023-01-27;264.0;Paramount Pictures;PG-13;English;Romance;Liza Chasin, Sandra Bullock, Seth Gordon
SICARIO;Upright;85.0;Certified fresh;92.0;Led by outstanding work from Emily Blunt and Benicio del Toro, Sicario is a taut, tightly wound thriller with much more on its mind than attention-getting set pieces.;Denis Villeneuve;47;2016;121; Crime; Drama;2016-01-05;2023-01-27;2581.0;Lionsgate Films;R;English;Mystery & Thriller;Basil Iwanyk, Edward L. McDonnell, Molly Smith, Thad Luckinbill, Trent Luckinbill
LUCKIEST GIRL ALIVE;Upright;72.0;Rotten;44.0;Luckiest Girl Alive means well and Mila Kunis does strong work in the central role, but those positive points are overshadowed by a treatment that risks trivializing its themes.;Mike Barker;;2022;113; Drama;Unavailable;2022-10-07;2023-01-27;114.0;Unavailable;R;English;Crime;Bruna Papandrea, Jeanne Snow, Erik Feig,
TURNING RED;Upright;71.0;Certified fresh;95.0;Heartwarming, humorous, beautifully animated, and culturally expansive, Turning Red extends Pixar's long list of family-friendly triumphs.;Domee Shi;;2022;100; Comedy; Fantasy;2022-03-11;2023-01-27;324.0;Unavailable;PG;English;Kids & Family;Lindsey Collins
VESPER;Upright;60.0;Certified fresh;90.0;More visually impressive than narratively engaging, Vesper rewards patient viewers with immersive world-building and intelligent ideas.;Kristina Buozyte, Bruno Samper;;2022;112; Mystery & Thriller;Unavailable;2022-09-30;2023-01-27;121.0;IFC Films;Unavailable;English;Sci-Fi;Asta Liukaityte, Daiva Varnaite-Jovaisienne, Kristina Buozyte, Alexis Perrin
UNDER THE SHADOW;Upright;73.0;Certified fresh;99.0;Under the Shadow deftly blends seemingly disparate genres to deliver an effective chiller with timely themes and thought-provoking social subtext.;Babak Anvari;;2017;84; Mystery & Thriller;Unavailable;2017-01-17;2023-01-27;2203.0;Unavailable;PG-13;Persian;Horror;Emily Leo, Oliver Roskill, Lucan Toh
SOMETHING IN THE DIRT;Spilled;47.0;Certified fresh;91.0;Something in the Dirt reaffirms Justin Benson and Aaron Moorhead as sci-fi storytellers with a distinctive -- and darkly alluring -- vision.;Justin Benson, Aaron Moorhead;;2022;116; Comedy; Horror;2022-11-22;2023-01-27;68.0;Unavailable;R;English;Sci-Fi;David Lawson Jr., Aaron Moorhead, Justin Benson
AMERICAN PSYCHO;Upright;85.0;Fresh;68.0;If it falls short of the deadly satire of Bret Easton Ellis's novel, American Psycho still finds its own blend of horror and humor, thanks in part to a fittingly creepy performance by Christian Bale.;Mary Harron;15;2005;103; Mystery & Thriller; Horror;2005-06-21;2023-01-27;6431.0;Lionsgate Films;R;English;Comedy;Christian Halsey Solomon, Chris Hanley, Edward R. Pressman
PARASITE;Upright;90.0;Certified fresh;99.0;An urgent, brilliantly layered look at timely social themes, Parasite finds writer-director Bong Joon Ho in near-total command of his craft.;Bong Joon Ho;53;2019;132; Mystery & Thriller; Drama;2019-10-11;2023-01-27;1206.0;Neon;R;Korean;Comedy;Kwak Sin-ae, Moon Yanggwon
PADDINGTON 2;Upright;88.0;Certified fresh;99.0;Paddington 2 honors its star's rich legacy with a sweet-natured sequel whose adorable visuals are matched by a story perfectly balanced between heartwarming family fare and purely enjoyable all-ages adventure.;Paul King;38;2018;103; Comedy; Adventure;2018-04-24;2023-01-27;1741.0;Warner Bros. Pictures;PG;English;Kids & Family;David Heyman
CAUSEWAY;Upright;74.0;Certified fresh;86.0;Causeway takes a powerfully subdued look at the lingering effects of trauma, led by gripping performances from Jennifer Lawrence and Brian Tyree Henry.;Lila Neugebauer;;2022;92;Unavailable;Unavailable;2022-11-04;2023-01-27;86.0;A24;R;English;Drama;Jennifer Lawrence, Justine Polsky
LAST NIGHT IN SOHO;Upright;90.0;Certified fresh;76.0;Although it struggles to maintain its thrilling early momentum, Last Night in Soho shows flashes of Edgar Wright at his most stylish and ambitious.;Edgar Wright;10;2021;117; Drama;Unavailable;2021-11-18;2023-01-27;437.0;Focus Features;R;English;Mystery & Thriller;Nira Park, Tim Bevan, Eric Fellner, Laura Richardson, Edgar Wright
